config,seed,class_name,map50_95
Baseline,1,IntervertebralDisc,0.589365166208401
Baseline,1,Skeleton,0.5458040121424627
Baseline,1,Ligament,0.6247597948428318
Baseline,1,Muscle,0.5608701055493841
Baseline,1,Nerve,0.6054781353214106
Baseline,1,IntervertebralDiscHerniation,0.4824799225967397
Baseline,2,IntervertebralDisc,0.5964943464365432
Baseline,2,Skeleton,0.5696442796057555
Baseline,2,Ligament,0.6211229583762548
Baseline,2,Muscle,0.5644630724187999
Baseline,2,Nerve,0.6069972955926574
Baseline,2,IntervertebralDiscHerniation,0.4925343066477411
Baseline,3,IntervertebralDisc,0.5976572814226535
Baseline,3,Skeleton,0.5682155130689748
Baseline,3,Ligament,0.63799409214625
Baseline,3,Muscle,0.5679023449358981
Baseline,3,Nerve,0.6140447523346472
Baseline,3,IntervertebralDiscHerniation,0.48013716966662096
Baseline,4,IntervertebralDisc,0.5912672299035286
Baseline,4,Skeleton,0.5639448723740779
Baseline,4,Ligament,0.6309908545081346
Baseline,4,Muscle,0.5807223087435756
Baseline,4,Nerve,0.6146550102111438
Baseline,4,IntervertebralDiscHerniation,0.48872478232051025
Baseline,5,IntervertebralDisc,0.5852252483626347
Baseline,5,Skeleton,0.5718107178850989
Baseline,5,Ligament,0.6292134492152311
Baseline,5,Muscle,0.577582298683493
Baseline,5,Nerve,0.6047504675003983
Baseline,5,IntervertebralDiscHerniation,0.4779629285225447
Baseline,6,IntervertebralDisc,0.5900110073738192
Baseline,6,Skeleton,0.5619096379773958
Baseline,6,Ligament,0.6226589374306564
Baseline,6,Muscle,0.5880711432722014
Baseline,6,Nerve,0.6071366998732122
Baseline,6,IntervertebralDiscHerniation,0.51202942802249
Baseline,7,IntervertebralDisc,0.6027636134288517
Baseline,7,Skeleton,0.5526211457621333
Baseline,7,Ligament,0.6298462394219542
Baseline,7,Muscle,0.5937811924988445
Baseline,7,Nerve,0.6117377087121459
Baseline,7,IntervertebralDiscHerniation,0.46057074287383903
Baseline,8,IntervertebralDisc,0.5897794315154996
Baseline,8,Skeleton,0.5513425891000779
Baseline,8,Ligament,0.6272824039536069
Baseline,8,Muscle,0.5563559508221612
Baseline,8,Nerve,0.6057463594805382
Baseline,8,IntervertebralDiscHerniation,0.488512859899494
Baseline,9,IntervertebralDisc,0.5895135616931484
Baseline,9,Skeleton,0.55409726354992
Baseline,9,Ligament,0.6270343455561177
Baseline,9,Muscle,0.5737291192114493
Baseline,9,Nerve,0.6159943389212069
Baseline,9,IntervertebralDiscHerniation,0.48322927652568054
Baseline,10,IntervertebralDisc,0.6073987625285324
Baseline,10,Skeleton,0.5655225484179038
Baseline,10,Ligament,0.6367132801582234
Baseline,10,Muscle,0.5662418215062965
Baseline,10,Nerve,0.6120236926854822
Baseline,10,IntervertebralDiscHerniation,0.4795507554024421
L19-Triplet,1,IntervertebralDisc,0.604602895263676
L19-Triplet,1,Skeleton,0.5692390815862904
L19-Triplet,1,Ligament,0.6351521391455004
L19-Triplet,1,Muscle,0.5777285907371443
L19-Triplet,1,Nerve,0.6010178440859383
L19-Triplet,1,IntervertebralDiscHerniation,0.4921637069350465
L19-Triplet,2,IntervertebralDisc,0.6071452163300615
L19-Triplet,2,Skeleton,0.5727532002421525
L19-Triplet,2,Ligament,0.6391572720770226
L19-Triplet,2,Muscle,0.5890987605871487
L19-Triplet,2,Nerve,0.6104320842367557
L19-Triplet,2,IntervertebralDiscHerniation,0.49020069604886674
L19-Triplet,3,IntervertebralDisc,0.6220641598839982
L19-Triplet,3,Skeleton,0.5706262928032111
L19-Triplet,3,Ligament,0.6396117137687546
L19-Triplet,3,Muscle,0.6087155828773476
L19-Triplet,3,Nerve,0.6133261008208407
L19-Triplet,3,IntervertebralDiscHerniation,0.48430364310049984
L19-Triplet,4,IntervertebralDisc,0.5980732577172716
L19-Triplet,4,Skeleton,0.5721736757060297
L19-Triplet,4,Ligament,0.6377900064167108
L19-Triplet,4,Muscle,0.5881608261925032
L19-Triplet,4,Nerve,0.617931723836527
L19-Triplet,4,IntervertebralDiscHerniation,0.487638134287076
L19-Triplet,5,IntervertebralDisc,0.5909646501430225
L19-Triplet,5,Skeleton,0.5478759646940359
L19-Triplet,5,Ligament,0.6230375394428688
L19-Triplet,5,Muscle,0.6046532467833579
L19-Triplet,5,Nerve,0.6134503788633
L19-Triplet,5,IntervertebralDiscHerniation,0.4854801776351584
L19-Triplet,6,IntervertebralDisc,0.6057480349885239
L19-Triplet,6,Skeleton,0.5733814167938001
L19-Triplet,6,Ligament,0.6312709513491952
L19-Triplet,6,Muscle,0.5797583943771134
L19-Triplet,6,Nerve,0.6096023666187447
L19-Triplet,6,IntervertebralDiscHerniation,0.5001091048490524
L19-Triplet,7,IntervertebralDisc,0.5959181056544484
L19-Triplet,7,Skeleton,0.5546320479190047
L19-Triplet,7,Ligament,0.6256177857572677
L19-Triplet,7,Muscle,0.5882249614281668
L19-Triplet,7,Nerve,0.6113703966289632
L19-Triplet,7,IntervertebralDiscHerniation,0.4644116475586948
L19-Triplet,8,IntervertebralDisc,0.6073174648425637
L19-Triplet,8,Skeleton,0.5793884042712361
L19-Triplet,8,Ligament,0.6331576060578318
L19-Triplet,8,Muscle,0.564241526304335
L19-Triplet,8,Nerve,0.6105856924421408
L19-Triplet,8,IntervertebralDiscHerniation,0.4854138449993801
L19-Triplet,9,IntervertebralDisc,0.6106072298994834
L19-Triplet,9,Skeleton,0.5717790510864265
L19-Triplet,9,Ligament,0.632786551069243
L19-Triplet,9,Muscle,0.5707728928026061
L19-Triplet,9,Nerve,0.6177593180469197
L19-Triplet,9,IntervertebralDiscHerniation,0.49346417605467147
L19-Triplet,10,IntervertebralDisc,0.5997241790571916
L19-Triplet,10,Skeleton,0.5770385723640892
L19-Triplet,10,Ligament,0.6259949397105412
L19-Triplet,10,Muscle,0.5250183247178101
L19-Triplet,10,Nerve,0.6065054742757064
L19-Triplet,10,IntervertebralDiscHerniation,0.49196061968495747
L23-Triplet,1,IntervertebralDisc,0.6001621397774011
L23-Triplet,1,Skeleton,0.5601231929713479
L23-Triplet,1,Ligament,0.6409747199351161
L23-Triplet,1,Muscle,0.5720973384149362
L23-Triplet,1,Nerve,0.6104712453773524
L23-Triplet,1,IntervertebralDiscHerniation,0.5118031440588129
L23-Triplet,2,IntervertebralDisc,0.6109841953500291
L23-Triplet,2,Skeleton,0.5739795323895494
L23-Triplet,2,Ligament,0.6315390592567778
L23-Triplet,2,Muscle,0.5490107816231532
L23-Triplet,2,Nerve,0.6070775591020812
L23-Triplet,2,IntervertebralDiscHerniation,0.5088596941480528
L23-Triplet,3,IntervertebralDisc,0.6053104847005321
L23-Triplet,3,Skeleton,0.5825414933213211
L23-Triplet,3,Ligament,0.6371647001393701
L23-Triplet,3,Muscle,0.5839786796760429
L23-Triplet,3,Nerve,0.613428600512037
L23-Triplet,3,IntervertebralDiscHerniation,0.47404944221672185
L23-Triplet,4,IntervertebralDisc,0.6049486001562279
L23-Triplet,4,Skeleton,0.5673318934229745
L23-Triplet,4,Ligament,0.635457285994752
L23-Triplet,4,Muscle,0.5938876159387728
L23-Triplet,4,Nerve,0.6118755676941359
L23-Triplet,4,IntervertebralDiscHerniation,0.5070979443633503
L23-Triplet,5,IntervertebralDisc,0.6092743723672911
L23-Triplet,5,Skeleton,0.5914957127689695
L23-Triplet,5,Ligament,0.6359573154889528
L23-Triplet,5,Muscle,0.6093671896356628
L23-Triplet,5,Nerve,0.6167559901101348
L23-Triplet,5,IntervertebralDiscHerniation,0.4722949555205255
L23-Triplet,6,IntervertebralDisc,0.6003214555657052
L23-Triplet,6,Skeleton,0.572133832164922
L23-Triplet,6,Ligament,0.6216368161273153
L23-Triplet,6,Muscle,0.5737092991232529
L23-Triplet,6,Nerve,0.6053708162224776
L23-Triplet,6,IntervertebralDiscHerniation,0.4865226761304934
L23-Triplet,7,IntervertebralDisc,0.6114158884788434
L23-Triplet,7,Skeleton,0.576796522611666
L23-Triplet,7,Ligament,0.6283229546222471
L23-Triplet,7,Muscle,0.5727106806738649
L23-Triplet,7,Nerve,0.6119796002123913
L23-Triplet,7,IntervertebralDiscHerniation,0.49090802838585496
L23-Triplet,8,IntervertebralDisc,0.606990015716092
L23-Triplet,8,Skeleton,0.5608665575107721
L23-Triplet,8,Ligament,0.6264510790660789
L23-Triplet,8,Muscle,0.5871301188782051
L23-Triplet,8,Nerve,0.613206467723511
L23-Triplet,8,IntervertebralDiscHerniation,0.5015224530240557
L23-Triplet,9,IntervertebralDisc,0.598411489050575
L23-Triplet,9,Skeleton,0.583309585782384
L23-Triplet,9,Ligament,0.6415904452403068
L23-Triplet,9,Muscle,0.5747492941083105
L23-Triplet,9,Nerve,0.6185167043846878
L23-Triplet,9,IntervertebralDiscHerniation,0.4739828612230023
L23-Triplet,10,IntervertebralDisc,0.6002267772355396
L23-Triplet,10,Skeleton,0.5742057836263962
L23-Triplet,10,Ligament,0.6358099251714034
L23-Triplet,10,Muscle,0.5858494520115407
L23-Triplet,10,Nerve,0.6115319879553983
L23-Triplet,10,IntervertebralDiscHerniation,0.4991840258997719
L27-Triplet,1,IntervertebralDisc,0.5942306553095351
L27-Triplet,1,Skeleton,0.5719726771052324
L27-Triplet,1,Ligament,0.6273740999667576
L27-Triplet,1,Muscle,0.5437719783288266
L27-Triplet,1,Nerve,0.6064478527304672
L27-Triplet,1,IntervertebralDiscHerniation,0.49557865693573866
L27-Triplet,2,IntervertebralDisc,0.5960850583991679
L27-Triplet,2,Skeleton,0.5656736330488967
L27-Triplet,2,Ligament,0.6189363563256717
L27-Triplet,2,Muscle,0.558244164200624
L27-Triplet,2,Nerve,0.6057533220011642
L27-Triplet,2,IntervertebralDiscHerniation,0.48432275889670917
L27-Triplet,3,IntervertebralDisc,0.6058731063364512
L27-Triplet,3,Skeleton,0.5946166241084625
L27-Triplet,3,Ligament,0.63041150350715
L27-Triplet,3,Muscle,0.5857643135787612
L27-Triplet,3,Nerve,0.6173705779691234
L27-Triplet,3,IntervertebralDiscHerniation,0.5062350159473622
L27-Triplet,4,IntervertebralDisc,0.5926652742641162
L27-Triplet,4,Skeleton,0.5681849084423619
L27-Triplet,4,Ligament,0.6329546106829312
L27-Triplet,4,Muscle,0.5735813745900837
L27-Triplet,4,Nerve,0.6130058149371377
L27-Triplet,4,IntervertebralDiscHerniation,0.5010540482410313
L27-Triplet,5,IntervertebralDisc,0.5829837680470522
L27-Triplet,5,Skeleton,0.5558829358915981
L27-Triplet,5,Ligament,0.6172218683454759
L27-Triplet,5,Muscle,0.5525660679676752
L27-Triplet,5,Nerve,0.6017737022053549
L27-Triplet,5,IntervertebralDiscHerniation,0.4621216967474081
L27-Triplet,6,IntervertebralDisc,0.6072190597799143
L27-Triplet,6,Skeleton,0.5645184081100755
L27-Triplet,6,Ligament,0.6362793885557149
L27-Triplet,6,Muscle,0.5624895388878671
L27-Triplet,6,Nerve,0.611280997998794
L27-Triplet,6,IntervertebralDiscHerniation,0.4671904844019852
L27-Triplet,7,IntervertebralDisc,0.5929493991403965
L27-Triplet,7,Skeleton,0.5480443084813941
L27-Triplet,7,Ligament,0.6181992554710842
L27-Triplet,7,Muscle,0.5711761048487408
L27-Triplet,7,Nerve,0.6072990377542378
L27-Triplet,7,IntervertebralDiscHerniation,0.48312524116788697
L27-Triplet,8,IntervertebralDisc,0.5850869818082136
L27-Triplet,8,Skeleton,0.524535094817947
L27-Triplet,8,Ligament,0.6241520339191283
L27-Triplet,8,Muscle,0.5522250483289091
L27-Triplet,8,Nerve,0.6037941550643224
L27-Triplet,8,IntervertebralDiscHerniation,0.4770613124254089
L27-Triplet,9,IntervertebralDisc,0.6022107827374905
L27-Triplet,9,Skeleton,0.5639349582357496
L27-Triplet,9,Ligament,0.6401503412595203
L27-Triplet,9,Muscle,0.5950219303804817
L27-Triplet,9,Nerve,0.618510723181579
L27-Triplet,9,IntervertebralDiscHerniation,0.4796518115084575
L27-Triplet,10,IntervertebralDisc,0.6047624868962324
L27-Triplet,10,Skeleton,0.5886421404406194
L27-Triplet,10,Ligament,0.6375615951804663
L27-Triplet,10,Muscle,0.5912452753979989
L27-Triplet,10,Nerve,0.6125965986014352
L27-Triplet,10,IntervertebralDiscHerniation,0.5099975191303947
Hybrid-MSCA,1,IntervertebralDisc,0.6096536252370551
Hybrid-MSCA,1,Skeleton,0.5641803888623964
Hybrid-MSCA,1,Ligament,0.631979579395137
Hybrid-MSCA,1,Muscle,0.5908419000356069
Hybrid-MSCA,1,Nerve,0.6062149137497032
Hybrid-MSCA,1,IntervertebralDiscHerniation,0.4636098433978365
Hybrid-MSCA,2,IntervertebralDisc,0.6043592405665613
Hybrid-MSCA,2,Skeleton,0.5824869639216146
Hybrid-MSCA,2,Ligament,0.6388429240112518
Hybrid-MSCA,2,Muscle,0.5940144256771899
Hybrid-MSCA,2,Nerve,0.6118824760648798
Hybrid-MSCA,2,IntervertebralDiscHerniation,0.5088695512611462
Hybrid-MSCA,3,IntervertebralDisc,0.6179640122990938
Hybrid-MSCA,3,Skeleton,0.5855778599119934
Hybrid-MSCA,3,Ligament,0.6495016712820678
Hybrid-MSCA,3,Muscle,0.5764183978249847
Hybrid-MSCA,3,Nerve,0.6148100161938505
Hybrid-MSCA,3,IntervertebralDiscHerniation,0.5193671245085216
Hybrid-MSCA,4,IntervertebralDisc,0.6202658364177891
Hybrid-MSCA,4,Skeleton,0.5859174994806706
Hybrid-MSCA,4,Ligament,0.6386952977096725
Hybrid-MSCA,4,Muscle,0.6120505838173098
Hybrid-MSCA,4,Nerve,0.6128164447317594
Hybrid-MSCA,4,IntervertebralDiscHerniation,0.49505744092433907
Hybrid-MSCA,5,IntervertebralDisc,0.6123384244585781
Hybrid-MSCA,5,Skeleton,0.5979865316225621
Hybrid-MSCA,5,Ligament,0.6379648847257015
Hybrid-MSCA,5,Muscle,0.5876072335219105
Hybrid-MSCA,5,Nerve,0.6128774626443463
Hybrid-MSCA,5,IntervertebralDiscHerniation,0.504838145914673
Hybrid-MSCA,6,IntervertebralDisc,0.6189359084750043
Hybrid-MSCA,6,Skeleton,0.5729440150285511
Hybrid-MSCA,6,Ligament,0.6346852433781166
Hybrid-MSCA,6,Muscle,0.5890958080036797
Hybrid-MSCA,6,Nerve,0.6139646372784013
Hybrid-MSCA,6,IntervertebralDiscHerniation,0.49948883894310525
Hybrid-MSCA,7,IntervertebralDisc,0.6110739313146378
Hybrid-MSCA,7,Skeleton,0.5732668433580553
Hybrid-MSCA,7,Ligament,0.6301718954365436
Hybrid-MSCA,7,Muscle,0.6143399781592991
Hybrid-MSCA,7,Nerve,0.616508983670333
Hybrid-MSCA,7,IntervertebralDiscHerniation,0.49104303323356613
Hybrid-MSCA,8,IntervertebralDisc,0.6144262486405082
Hybrid-MSCA,8,Skeleton,0.57822263757994
Hybrid-MSCA,8,Ligament,0.6339187063915483
Hybrid-MSCA,8,Muscle,0.5438169029013383
Hybrid-MSCA,8,Nerve,0.6188541506326735
Hybrid-MSCA,8,IntervertebralDiscHerniation,0.5097297786515151
Hybrid-MSCA,9,IntervertebralDisc,0.6042350329495835
Hybrid-MSCA,9,Skeleton,0.5844997949481094
Hybrid-MSCA,9,Ligament,0.6431903183854526
Hybrid-MSCA,9,Muscle,0.5969620822875447
Hybrid-MSCA,9,Nerve,0.6111382852810208
Hybrid-MSCA,9,IntervertebralDiscHerniation,0.4913274307068531
Hybrid-MSCA,10,IntervertebralDisc,0.6144227228348447
Hybrid-MSCA,10,Skeleton,0.585116552624361
Hybrid-MSCA,10,Ligament,0.6399138138877898
Hybrid-MSCA,10,Muscle,0.5803855753492072
Hybrid-MSCA,10,Nerve,0.6091671424415004
Hybrid-MSCA,10,IntervertebralDiscHerniation,0.5080558580823114
Hybrid-ECA,1,IntervertebralDisc,0.6062595738601426
Hybrid-ECA,1,Skeleton,0.5760024713822048
Hybrid-ECA,1,Ligament,0.6339805451248474
Hybrid-ECA,1,Muscle,0.5802742988472074
Hybrid-ECA,1,Nerve,0.6191774391708552
Hybrid-ECA,1,IntervertebralDiscHerniation,0.4956681994265645
Hybrid-ECA,2,IntervertebralDisc,0.6173641837333406
Hybrid-ECA,2,Skeleton,0.5833467894605046
Hybrid-ECA,2,Ligament,0.6414141977677719
Hybrid-ECA,2,Muscle,0.5550041255854494
Hybrid-ECA,2,Nerve,0.6143714063969143
Hybrid-ECA,2,IntervertebralDiscHerniation,0.5174741750138032
Hybrid-ECA,3,IntervertebralDisc,0.6263369703968562
Hybrid-ECA,3,Skeleton,0.5838677669317487
Hybrid-ECA,3,Ligament,0.6441959415338621
Hybrid-ECA,3,Muscle,0.6051796172728452
Hybrid-ECA,3,Nerve,0.6219623930838738
Hybrid-ECA,3,IntervertebralDiscHerniation,0.5040388978332558
Hybrid-ECA,4,IntervertebralDisc,0.6092293305624257
Hybrid-ECA,4,Skeleton,0.5855164165219815
Hybrid-ECA,4,Ligament,0.6415438143133978
Hybrid-ECA,4,Muscle,0.5843108414956564
Hybrid-ECA,4,Nerve,0.6134182150458198
Hybrid-ECA,4,IntervertebralDiscHerniation,0.4981835393944635
Hybrid-ECA,5,IntervertebralDisc,0.6103737664170328
Hybrid-ECA,5,Skeleton,0.5853966744611035
Hybrid-ECA,5,Ligament,0.6442386851518257
Hybrid-ECA,5,Muscle,0.5582304090698236
Hybrid-ECA,5,Nerve,0.6157043076232143
Hybrid-ECA,5,IntervertebralDiscHerniation,0.5235335269603002
Hybrid-ECA,6,IntervertebralDisc,0.6050107833237546
Hybrid-ECA,6,Skeleton,0.5719740942851154
Hybrid-ECA,6,Ligament,0.6277538345561023
Hybrid-ECA,6,Muscle,0.5628080111288769
Hybrid-ECA,6,Nerve,0.6128155745724169
Hybrid-ECA,6,IntervertebralDiscHerniation,0.47497389260844036
Hybrid-ECA,7,IntervertebralDisc,0.6025540670810894
Hybrid-ECA,7,Skeleton,0.5788933469102504
Hybrid-ECA,7,Ligament,0.6355822595001965
Hybrid-ECA,7,Muscle,0.5971988207670423
Hybrid-ECA,7,Nerve,0.6214067668399774
Hybrid-ECA,7,IntervertebralDiscHerniation,0.4932583043004778
Hybrid-ECA,8,IntervertebralDisc,0.6089589684810076
Hybrid-ECA,8,Skeleton,0.57878384285594
Hybrid-ECA,8,Ligament,0.6359531661604125
Hybrid-ECA,8,Muscle,0.5459121451274245
Hybrid-ECA,8,Nerve,0.6085704128364147
Hybrid-ECA,8,IntervertebralDiscHerniation,0.48646542685542515
Hybrid-ECA,9,IntervertebralDisc,0.6213623666039446
Hybrid-ECA,9,Skeleton,0.5907467526322037
Hybrid-ECA,9,Ligament,0.6482167322763791
Hybrid-ECA,9,Muscle,0.5709145462658415
Hybrid-ECA,9,Nerve,0.6163576245771099
Hybrid-ECA,9,IntervertebralDiscHerniation,0.5071995256092159
Hybrid-ECA,10,IntervertebralDisc,0.6162668277944572
Hybrid-ECA,10,Skeleton,0.589932149803559
Hybrid-ECA,10,Ligament,0.6377295397375841
Hybrid-ECA,10,Muscle,0.5497556060525801
Hybrid-ECA,10,Nerve,0.6101439489624901
Hybrid-ECA,10,IntervertebralDiscHerniation,0.5122746287029711
Hybrid-L27CA,1,IntervertebralDisc,0.598464862781503
Hybrid-L27CA,1,Skeleton,0.5881507460714889
Hybrid-L27CA,1,Ligament,0.6293752557987272
Hybrid-L27CA,1,Muscle,0.5650594675815893
Hybrid-L27CA,1,Nerve,0.6108921626376399
Hybrid-L27CA,1,IntervertebralDiscHerniation,0.4778484101701729
Hybrid-L27CA,2,IntervertebralDisc,0.6220198910639192
Hybrid-L27CA,2,Skeleton,0.5772541258068307
Hybrid-L27CA,2,Ligament,0.6279864662709947
Hybrid-L27CA,2,Muscle,0.5598119721195838
Hybrid-L27CA,2,Nerve,0.6149082683750864
Hybrid-L27CA,2,IntervertebralDiscHerniation,0.5139328661210044
Hybrid-L27CA,3,IntervertebralDisc,0.6281429894316038
Hybrid-L27CA,3,Skeleton,0.5877453262207061
Hybrid-L27CA,3,Ligament,0.641208654545084
Hybrid-L27CA,3,Muscle,0.5864385899651744
Hybrid-L27CA,3,Nerve,0.6191365137483738
Hybrid-L27CA,3,IntervertebralDiscHerniation,0.523749995579012
Hybrid-L27CA,4,IntervertebralDisc,0.6311664460536472
Hybrid-L27CA,4,Skeleton,0.5885380498492527
Hybrid-L27CA,4,Ligament,0.6419287509593292
Hybrid-L27CA,4,Muscle,0.585865067903786
Hybrid-L27CA,4,Nerve,0.608618152943471
Hybrid-L27CA,4,IntervertebralDiscHerniation,0.5038802765471286
Hybrid-L27CA,5,IntervertebralDisc,0.6130357430901376
Hybrid-L27CA,5,Skeleton,0.5809140489480296
Hybrid-L27CA,5,Ligament,0.6456166473984963
Hybrid-L27CA,5,Muscle,0.566978306283649
Hybrid-L27CA,5,Nerve,0.6108091839308057
Hybrid-L27CA,5,IntervertebralDiscHerniation,0.5033090660625937
Hybrid-L27CA,6,IntervertebralDisc,0.6102878443512826
Hybrid-L27CA,6,Skeleton,0.59047760983468
Hybrid-L27CA,6,Ligament,0.6321437999608255
Hybrid-L27CA,6,Muscle,0.5286452949259289
Hybrid-L27CA,6,Nerve,0.6186966659549382
Hybrid-L27CA,6,IntervertebralDiscHerniation,0.4936956286336673
Hybrid-L27CA,7,IntervertebralDisc,0.6164966630715026
Hybrid-L27CA,7,Skeleton,0.5883864590917455
Hybrid-L27CA,7,Ligament,0.6375222340984379
Hybrid-L27CA,7,Muscle,0.5769288379399319
Hybrid-L27CA,7,Nerve,0.614371375672744
Hybrid-L27CA,7,IntervertebralDiscHerniation,0.5119992188059282
Hybrid-L27CA,8,IntervertebralDisc,0.6059635939913429
Hybrid-L27CA,8,Skeleton,0.5806961897375756
Hybrid-L27CA,8,Ligament,0.6404698474396859
Hybrid-L27CA,8,Muscle,0.5620078581841133
Hybrid-L27CA,8,Nerve,0.6182805013550917
Hybrid-L27CA,8,IntervertebralDiscHerniation,0.5039164583298356
Hybrid-L27CA,9,IntervertebralDisc,0.6138139086043773
Hybrid-L27CA,9,Skeleton,0.5937622329828083
Hybrid-L27CA,9,Ligament,0.644094116160943
Hybrid-L27CA,9,Muscle,0.5916621421600097
Hybrid-L27CA,9,Nerve,0.6168685818356441
Hybrid-L27CA,9,IntervertebralDiscHerniation,0.502392056887836
Hybrid-L27CA,10,IntervertebralDisc,0.6227096765079935
Hybrid-L27CA,10,Skeleton,0.5884172312073754
Hybrid-L27CA,10,Ligament,0.6355130422780221
Hybrid-L27CA,10,Muscle,0.5737058192387079
Hybrid-L27CA,10,Nerve,0.6105573104682727
Hybrid-L27CA,10,IntervertebralDiscHerniation,0.5154596450666286
Hybrid-L15CA,1,IntervertebralDisc,0.6253031327591216
Hybrid-L15CA,1,Skeleton,0.5858518729121471
Hybrid-L15CA,1,Ligament,0.6339359629160788
Hybrid-L15CA,1,Muscle,0.5624473124651429
Hybrid-L15CA,1,Nerve,0.6108833880819668
Hybrid-L15CA,1,IntervertebralDiscHerniation,0.4922651780627921
Hybrid-L15CA,2,IntervertebralDisc,0.6264002848847822
Hybrid-L15CA,2,Skeleton,0.6002744899289463
Hybrid-L15CA,2,Ligament,0.6501560290199337
Hybrid-L15CA,2,Muscle,0.6105917317503664
Hybrid-L15CA,2,Nerve,0.6144714347635409
Hybrid-L15CA,2,IntervertebralDiscHerniation,0.5150201423971561
Hybrid-L15CA,3,IntervertebralDisc,0.6157754064342452
Hybrid-L15CA,3,Skeleton,0.5843841630038271
Hybrid-L15CA,3,Ligament,0.64091867606056
Hybrid-L15CA,3,Muscle,0.5646140985885094
Hybrid-L15CA,3,Nerve,0.6131938762481297
Hybrid-L15CA,3,IntervertebralDiscHerniation,0.5005525968683584
Hybrid-L15CA,4,IntervertebralDisc,0.6204726115894992
Hybrid-L15CA,4,Skeleton,0.5874416201508919
Hybrid-L15CA,4,Ligament,0.6351576358165653
Hybrid-L15CA,4,Muscle,0.5695420350828769
Hybrid-L15CA,4,Nerve,0.6177964408765928
Hybrid-L15CA,4,IntervertebralDiscHerniation,0.534535637495941
Hybrid-L15CA,5,IntervertebralDisc,0.6199280282394654
Hybrid-L15CA,5,Skeleton,0.5969683848456433
Hybrid-L15CA,5,Ligament,0.6435447760435025
Hybrid-L15CA,5,Muscle,0.581899939703281
Hybrid-L15CA,5,Nerve,0.6131199808835901
Hybrid-L15CA,5,IntervertebralDiscHerniation,0.49553535953990124
Hybrid-L15CA,6,IntervertebralDisc,0.6198530296913669
Hybrid-L15CA,6,Skeleton,0.585989467667553
Hybrid-L15CA,6,Ligament,0.6440089327971729
Hybrid-L15CA,6,Muscle,0.5406989348158581
Hybrid-L15CA,6,Nerve,0.6125438840655859
Hybrid-L15CA,6,IntervertebralDiscHerniation,0.5033090912807182
Hybrid-L15CA,7,IntervertebralDisc,0.610849400416072
Hybrid-L15CA,7,Skeleton,0.5647745411551676
Hybrid-L15CA,7,Ligament,0.6300940854652686
Hybrid-L15CA,7,Muscle,0.5839542568735852
Hybrid-L15CA,7,Nerve,0.6222860239938018
Hybrid-L15CA,7,IntervertebralDiscHerniation,0.5101879832826111
Hybrid-L15CA,8,IntervertebralDisc,0.6373677989669537
Hybrid-L15CA,8,Skeleton,0.5842468639548755
Hybrid-L15CA,8,Ligament,0.635009807356839
Hybrid-L15CA,8,Muscle,0.5709864035924974
Hybrid-L15CA,8,Nerve,0.6107832451829999
Hybrid-L15CA,8,IntervertebralDiscHerniation,0.5147512779930274
Hybrid-L15CA,9,IntervertebralDisc,0.6255508296549561
Hybrid-L15CA,9,Skeleton,0.6020910404115262
Hybrid-L15CA,9,Ligament,0.6486792591793604
Hybrid-L15CA,9,Muscle,0.5718642045541658
Hybrid-L15CA,9,Nerve,0.6173508927452707
Hybrid-L15CA,9,IntervertebralDiscHerniation,0.520572845353772
Hybrid-L15CA,10,IntervertebralDisc,0.6161984404967031
Hybrid-L15CA,10,Skeleton,0.585877095707412
Hybrid-L15CA,10,Ligament,0.6365407236668066
Hybrid-L15CA,10,Muscle,0.5643456542427618
Hybrid-L15CA,10,Nerve,0.6140963429603621
Hybrid-L15CA,10,IntervertebralDiscHerniation,0.530239226442604
Full-Triplet,1,IntervertebralDisc,0.620326718180231
Full-Triplet,1,Skeleton,0.574721285727118
Full-Triplet,1,Ligament,0.6386993444081629
Full-Triplet,1,Muscle,0.5815266181224671
Full-Triplet,1,Nerve,0.6189625466640299
Full-Triplet,1,IntervertebralDiscHerniation,0.48474006053160607
Full-Triplet,2,IntervertebralDisc,0.6201584710402598
Full-Triplet,2,Skeleton,0.5703058956311279
Full-Triplet,2,Ligament,0.6350703485380426
Full-Triplet,2,Muscle,0.5769740166577477
Full-Triplet,2,Nerve,0.6174113594826656
Full-Triplet,2,IntervertebralDiscHerniation,0.5182980028687232
Full-Triplet,3,IntervertebralDisc,0.6301682278235018
Full-Triplet,3,Skeleton,0.6022388584049618
Full-Triplet,3,Ligament,0.6444784543923017
Full-Triplet,3,Muscle,0.5712009462946581
Full-Triplet,3,Nerve,0.6172381342645209
Full-Triplet,3,IntervertebralDiscHerniation,0.5117993465631275
Full-Triplet,4,IntervertebralDisc,0.626391375411199
Full-Triplet,4,Skeleton,0.5827813011303851
Full-Triplet,4,Ligament,0.6337766738363609
Full-Triplet,4,Muscle,0.5368175598422089
Full-Triplet,4,Nerve,0.6156572931866914
Full-Triplet,4,IntervertebralDiscHerniation,0.5053499175768448
Full-Triplet,5,IntervertebralDisc,0.6318336851817334
Full-Triplet,5,Skeleton,0.5948340323973091
Full-Triplet,5,Ligament,0.6442425873594478
Full-Triplet,5,Muscle,0.5739251998781609
Full-Triplet,5,Nerve,0.6195280058447515
Full-Triplet,5,IntervertebralDiscHerniation,0.5016301034456206
Full-Triplet,6,IntervertebralDisc,0.62344320309826
Full-Triplet,6,Skeleton,0.5873216285749387
Full-Triplet,6,Ligament,0.6385922002123416
Full-Triplet,6,Muscle,0.6113793261344952
Full-Triplet,6,Nerve,0.6136405315572773
Full-Triplet,6,IntervertebralDiscHerniation,0.5034813857153531
Full-Triplet,7,IntervertebralDisc,0.6095457828471728
Full-Triplet,7,Skeleton,0.5946226954933245
Full-Triplet,7,Ligament,0.64130849377134
Full-Triplet,7,Muscle,0.600371600695782
Full-Triplet,7,Nerve,0.6175906566282534
Full-Triplet,7,IntervertebralDiscHerniation,0.5255943270046103
Full-Triplet,8,IntervertebralDisc,0.6092919466462997
Full-Triplet,8,Skeleton,0.5761961957672451
Full-Triplet,8,Ligament,0.6373086722037259
Full-Triplet,8,Muscle,0.5699150079704404
Full-Triplet,8,Nerve,0.6165961714583426
Full-Triplet,8,IntervertebralDiscHerniation,0.5026058949975909
Full-Triplet,9,IntervertebralDisc,0.6244962952099352
Full-Triplet,9,Skeleton,0.5850434233613822
Full-Triplet,9,Ligament,0.6425902377725585
Full-Triplet,9,Muscle,0.5803090687735691
Full-Triplet,9,Nerve,0.6170228773960258
Full-Triplet,9,IntervertebralDiscHerniation,0.49391182470593964
Full-Triplet,10,IntervertebralDisc,0.6270735044798325
Full-Triplet,10,Skeleton,0.5909570969980861
Full-Triplet,10,Ligament,0.6347479372079846
Full-Triplet,10,Muscle,0.5553514746879371
Full-Triplet,10,Nerve,0.6102477014181935
Full-Triplet,10,IntervertebralDiscHerniation,0.5215392324964103
Full-CA,1,IntervertebralDisc,0.6110303781895443
Full-CA,1,Skeleton,0.5642378977601987
Full-CA,1,Ligament,0.6324675398266397
Full-CA,1,Muscle,0.580320716058445
Full-CA,1,Nerve,0.6116684406676408
Full-CA,1,IntervertebralDiscHerniation,0.4909959019724524
Full-CA,2,IntervertebralDisc,0.6256280789136148
Full-CA,2,Skeleton,0.5905149860980399
Full-CA,2,Ligament,0.6397665084156074
Full-CA,2,Muscle,0.5645849592217078
Full-CA,2,Nerve,0.6209325348601171
Full-CA,2,IntervertebralDiscHerniation,0.4920062547574397
Full-CA,3,IntervertebralDisc,0.6201579446761967
Full-CA,3,Skeleton,0.604218074846625
Full-CA,3,Ligament,0.6429504764282283
Full-CA,3,Muscle,0.591183400395939
Full-CA,3,Nerve,0.6162987394387146
Full-CA,3,IntervertebralDiscHerniation,0.48051480175368305
Full-CA,4,IntervertebralDisc,0.6216381113684666
Full-CA,4,Skeleton,0.5760080429401804
Full-CA,4,Ligament,0.6430175030912865
Full-CA,4,Muscle,0.6021170192601394
Full-CA,4,Nerve,0.6165518062418205
Full-CA,4,IntervertebralDiscHerniation,0.49988173308558526
Full-CA,5,IntervertebralDisc,0.642143188699934
Full-CA,5,Skeleton,0.6168824136156809
Full-CA,5,Ligament,0.6564306664496706
Full-CA,5,Muscle,0.5900085694235122
Full-CA,5,Nerve,0.6270664320661952
Full-CA,5,IntervertebralDiscHerniation,0.4962718539017731
Full-CA,6,IntervertebralDisc,0.6138651363069227
Full-CA,6,Skeleton,0.5855728547761944
Full-CA,6,Ligament,0.6407210800917726
Full-CA,6,Muscle,0.5525086870128655
Full-CA,6,Nerve,0.6122651702577504
Full-CA,6,IntervertebralDiscHerniation,0.5113705754351042
Full-CA,7,IntervertebralDisc,0.6233997246818745
Full-CA,7,Skeleton,0.5813925395886912
Full-CA,7,Ligament,0.6422904440727393
Full-CA,7,Muscle,0.5716130128272503
Full-CA,7,Nerve,0.6135792393795401
Full-CA,7,IntervertebralDiscHerniation,0.49627397092730724
Full-CA,8,IntervertebralDisc,0.623581000649232
Full-CA,8,Skeleton,0.5883434398009361
Full-CA,8,Ligament,0.6414413209994645
Full-CA,8,Muscle,0.5844800786686541
Full-CA,8,Nerve,0.6145584392339618
Full-CA,8,IntervertebralDiscHerniation,0.5078826397627454
Full-CA,9,IntervertebralDisc,0.6200458344404877
Full-CA,9,Skeleton,0.593129332263165
Full-CA,9,Ligament,0.6369809411764844
Full-CA,9,Muscle,0.5853728713738017
Full-CA,9,Nerve,0.6091396306052592
Full-CA,9,IntervertebralDiscHerniation,0.49874355581328345
Full-CA,10,IntervertebralDisc,0.6238508236055924
Full-CA,10,Skeleton,0.5797278641406991
Full-CA,10,Ligament,0.6452680074706809
Full-CA,10,Muscle,0.6035918833173592
Full-CA,10,Nerve,0.6152579160383234
Full-CA,10,IntervertebralDiscHerniation,0.535055066609133
